Andison,Ginalias,
Andison,Rotvold,
Andison,Taylor,
Andison,Baird,
Andison,Russell,
Andison,McGregor G,
Andison,Coleshill,
Andison,Marshall,
Arsenault,Andison,
Arsenault,LaCroix,
Arsenault,Baird,
Arsenault,McGregor G,
Arsenault,Coleshill,
Arsenault,Marshall,
Babakaiff,Watt,
Babakaiff,Taylor,
Babakaiff,Baird,
Babakaiff,Russell,
Babakaiff,McGregor G,
Bird,Batti,
Bird,Todesco,
Bird,Unger,
Bird,White,
Bird,Pryce,
Bird,Watt,
Bird,Coleshill,
Bird,Babakaiff,
Bird,Knox,
Coleshill,Riparian Working Group,
Coleshill,LaCroix,
Coleshill,Watt,
Dagg,Watt,
Dagg,Coleshill,
Dunsdon,Withler,
Dunsdon,White,
Dunsdon,Andison,
Dunsdon,Noll,
Dunsdon,Taylor,
Dunsdon,Baird,
Dunsdon,McGregor G,
Dunsdon,Coleshill,
Dunsdon,Marshall,
Guido,Norin,
Guido,McGregor G,
Guido,LaCroix,
Guido,Coleshill,
Guido,Marshall,
Knox,Wein,
Knox,Allard,
Knox,Watt,
LaCroix,Stewart,
LaCroix,Local Fish & Wildlife Guy,
LaCroix,Todesco,
LaCroix,Babakaiff,
LaCroix,Knox,
LaCroix,Andison,
LaCroix,Coleshill,
Marshall,White,
Marshall,Watt,
Marshall,Noll,
Marshall,Taylor,
Marshall,Baird,
Marshall,Russell,
Marshall,McGregor G,
Marshall,Coleshill,
McGregor G,O’Malley,
McGregor G,Local Fish & Wildlife Guy,
McGregor G,LaCroix,
McGregor G,Watt,
McGregor G,Russell,
McGregor G,Marshall,
Noll,Dunsdon,
Noll,Dagg,
Noll,Andison,
Noll,Baird,
Noll,Coleshill,
O’Malley,Harrison,
O’Malley,Durand,
O’Malley,McGregor H,
O’Malley,Andison,
O’Malley,McGregor G,
O’Malley,LaCroix,
O’Malley,Coleshill,
O’Malley,Marshall,
O’Malley,Norin,
Pryce,Van der Gulik,
Pryce,White,
Pryce,Watt,
Pryce,Andison,
Rotvold,Watt,
Rotvold,Andison,
Rotvold,Baird,
Rotvold,Russell,
Rotvold,McGregor G,
Schierbeck,Slater,
Schierbeck,Watt,
Schierbeck,Baird,
Schierbeck,Babakaiff,
Schierbeck,Knox,
Todesco,Stewart,
Todesco,Watt,
Todesco,Andison,
Todesco,McGregor G,
Todesco,LaCroix,
Todesco,Coleshill,
Todesco,Marshall,
Unger,Watt,
Watt,Wyre,
Watt,Dow,
Watt,Todesco,
Watt,Andison,
Watt,LaCroix,
Watt,Baird,
Watt,Russell,
Watt,McGregor G,
Watt,Coleshill,
Wilson,Winton,
Wilson,Watt,
Wilson,McGregor G,
Wilson,Coleshill,
Withler,White,
Withler,Watt,
Withler,Andison,
Withler,McGregor G,
